Top pages,Clicks,Impressions,CTR,Position
https://www.dananghotelguide.com/da-nang-fireworks-festival-hotels.html,63,3593,1.75%,7.57
https://www.dananghotelguide.com/da-nang-budget-guide.html,32,11574,0.28%,8.52
https://www.dananghotelguide.com/da-nang-grab-guide.html,30,5740,0.52%,7.26
https://www.dananghotelguide.com/da-nang-vs-phu-quoc.html,27,4813,0.56%,7.69
https://www.dananghotelguide.com/da-nang-vs-hoi-an.html,26,3965,0.66%,11.36
https://www.dananghotelguide.com/da-nang-weather-by-month.html,24,15819,0.15%,9.62
https://www.dananghotelguide.com/da-nang-vs-ho-chi-minh-city.html,19,3708,0.51%,7.98
https://www.dananghotelguide.com/,18,5208,0.35%,17.74
https://www.dananghotelguide.com/da-nang-malls-guide.html,17,3858,0.44%,15.35
https://www.dananghotelguide.com/family-hotels-da-nang.html,16,2278,0.7%,20.82
https://www.dananghotelguide.com/hyatt-vs-marriott-da-nang.html,16,540,2.96%,5.78
https://www.dananghotelguide.com/luxury-hotels-da-nang.html,15,5532,0.27%,26.62
https://www.dananghotelguide.com/best-bars-in-da-nang.html,15,4182,0.36%,15.04
https://www.dananghotelguide.com/is-hoi-an-cheaper-than-da-nang.html,15,2028,0.74%,6.02
https://www.dananghotelguide.com/dining.html,13,4985,0.26%,10.41
https://www.dananghotelguide.com/novotel-vs-hilton-da-nang.html,13,120,10.83%,6.09
https://www.dananghotelguide.com/da-nang-nightlife-guide.html,12,2240,0.54%,9.29
https://www.dananghotelguide.com/da-nang-hoi-an-markets-guide.html,12,1771,0.68%,9.37
https://www.dananghotelguide.com/sheraton-vs-hyatt-regency-da-nang.html,12,162,7.41%,6.16
https://www.dananghotelguide.com/hotel-reviews.html,11,3894,0.28%,12.41
https://www.dananghotelguide.com/da-nang-guide-for-korean-travelers.html,11,3765,0.29%,7.74
https://www.dananghotelguide.com/da-nang-airport-to-hoi-an.html,10,3177,0.31%,13.44
https://www.dananghotelguide.com/where-to-stay-in-da-nang.html,10,2442,0.41%,17.85
https://www.dananghotelguide.com/da-nang-quiet-areas-hotels.html,10,267,3.75%,6.46
https://www.dananghotelguide.com/best-hotels-in-da-nang.html,9,1699,0.53%,11.93
https://www.dananghotelguide.com/intercontinental-vs-hyatt-da-nang.html,9,1346,0.67%,7.5
https://www.dananghotelguide.com/furama-vs-pullman-da-nang.html,9,264,3.41%,6.47
https://www.dananghotelguide.com/da-nang-guide-for-russian-travelers.html,6,722,0.83%,8.28
https://www.dananghotelguide.com/da-nang-with-teenagers.html,6,375,1.6%,7.66
https://www.dananghotelguide.com/tia-wellness-vs-naman-retreat-da-nang.html,6,213,2.82%,7.33
https://www.dananghotelguide.com/marriott-vs-sheraton-da-nang.html,6,144,4.17%,7.47
https://www.dananghotelguide.com/best-time-to-visit-da-nang.html,5,2031,0.25%,10.41
https://www.dananghotelguide.com/da-nang-hotel-prices-by-month.html,5,1834,0.27%,7.5
https://www.dananghotelguide.com/da-nang-visa-run-guide.html,5,1321,0.38%,8.13
https://www.dananghotelguide.com/best-luxury-resort-couples-da-nang.html,5,351,1.42%,11.29
https://www.dananghotelguide.com/kr/korean-convenience-store-guide-da-nang.html,5,180,2.78%,6.51
https://www.dananghotelguide.com/where-to-stay-in-hoi-an.html,4,2084,0.19%,16.99
https://www.dananghotelguide.com/da-nang-vs-hanoi.html,4,1279,0.31%,9.14
https://www.dananghotelguide.com/best-family-resort-da-nang.html,4,780,0.51%,12.33
https://www.dananghotelguide.com/best-value-hotels-hoi-an.html,4,761,0.53%,10.5
https://www.dananghotelguide.com/da-nang-travel-mistakes.html,4,115,3.48%,8.94
https://www.dananghotelguide.com/kr/olive-young-alternatives-da-nang.html,4,85,4.71%,5.07
https://www.dananghotelguide.com/da-nang-hotel-prices.html,3,3450,0.09%,7.89
https://www.dananghotelguide.com/da-nang-transport-guide.html,3,2368,0.13%,8.32
https://www.dananghotelguide.com/da-nang-grocery-store-guide.html,3,1680,0.18%,10.46
https://www.dananghotelguide.com/marriott-resort-da-nang.html,3,192,1.56%,26.27
https://www.dananghotelguide.com/hyatt-regency-vs-furama-da-nang.html,3,139,2.16%,6.88
https://www.dananghotelguide.com/da-nang-hotels-map.html,3,97,3.09%,9.23
https://www.dananghotelguide.com/pullman-vs-sheraton-da-nang.html,3,78,3.85%,5.73
https://www.dananghotelguide.com/da-nang-beach-hotels.html,2,2749,0.07%,33.18
https://www.dananghotelguide.com/hyatt-regency-da-nang.html,2,1722,0.12%,10.51
https://www.dananghotelguide.com/da-nang-vs-nha-trang.html,2,1029,0.19%,11.95
https://www.dananghotelguide.com/guides.html,2,838,0.24%,11.29
https://www.dananghotelguide.com/my-khe-beach-da-nang.html,2,818,0.24%,12.19
https://www.dananghotelguide.com/non-nuoc-beach-da-nang.html,2,666,0.3%,12.82
https://www.dananghotelguide.com/furama-resort-da-nang.html,2,341,0.59%,17.63
https://www.dananghotelguide.com/da-nang-hotels-with-lazy-river.html,2,312,0.64%,9.26
https://www.dananghotelguide.com/da-nang-riverfront-hotels.html,2,180,1.11%,35.56
https://www.dananghotelguide.com/beachfront-vs-city-hotels-da-nang.html,2,172,1.16%,7.41
https://www.dananghotelguide.com/about.html,2,79,2.53%,6.22
https://www.dananghotelguide.com/kr/where-koreans-stay-in-da-nang.html,2,41,4.88%,17.85
https://www.dananghotelguide.com/pullman-da-nang.html,2,27,7.41%,8
https://www.dananghotelguide.com/kr/da-nang-vs-hoi-an.html,2,26,7.69%,11.31
https://www.dananghotelguide.com/tms-hotel-vs-sala-danang-beach.html,2,20,10%,4.8
https://www.dananghotelguide.com/mandila-beach-vs-stella-maris-da-nang.html,2,18,11.11%,7
https://www.dananghotelguide.com/hoi-an-old-town-hotels.html,1,964,0.1%,31.78
https://www.dananghotelguide.com/intercontinental-da-nang.html,1,821,0.12%,30.81
https://www.dananghotelguide.com/da-nang-itinerary.html,1,548,0.18%,23.9
https://www.dananghotelguide.com/things-to-do-in-da-nang.html,1,461,0.22%,46.25
https://www.dananghotelguide.com/vinpearl-luxury-da-nang.html,1,377,0.27%,14.89
https://www.dananghotelguide.com/best-resorts-son-tra-peninsula.html,1,342,0.29%,11.84
https://www.dananghotelguide.com/four-points-sheraton-da-nang.html,1,250,0.4%,36.9
https://www.dananghotelguide.com/hotels.html,1,203,0.49%,39.18
https://www.dananghotelguide.com/boutique-hotels-da-nang.html,1,161,0.62%,25.53
https://www.dananghotelguide.com/kr/index.html,1,152,0.66%,11.07
https://www.dananghotelguide.com/da-nang-hotels-kids-club.html,1,146,0.68%,8.32
https://www.dananghotelguide.com/mikazuki-da-nang.html,1,122,0.82%,22.67
https://www.dananghotelguide.com/best-hotels-an-thuong-da-nang.html,1,97,1.03%,13.82
https://www.dananghotelguide.com/kr/best-hotels-in-da-nang.html,1,92,1.09%,41.09
https://www.dananghotelguide.com/naman-retreat-da-nang.html,1,67,1.49%,22.33
https://www.dananghotelguide.com/best-beach-hotel-under-100-da-nang.html,1,55,1.82%,8.51
https://www.dananghotelguide.com/azura-da-nang.html,1,55,1.82%,8.76
https://www.dananghotelguide.com/kr/best-cafes-popular-with-korean-travelers.html,1,52,1.92%,8.92
https://www.dananghotelguide.com/melia-vs-hyatt-regency-da-nang.html,1,41,2.44%,6.12
https://www.dananghotelguide.com/hoi-an.html,1,35,2.86%,11.86
https://www.dananghotelguide.com/sheraton-grand-da-nang.html,1,29,3.45%,22.59
https://www.dananghotelguide.com/marble-mountains-da-nang.html,1,24,4.17%,8.29
https://www.dananghotelguide.com/da-nang-fireworks-festival-diff-2026.html,1,6,16.67%,5
https://www.dananghotelguide.com/best-budget-hotels-in-da-nang.html,0,975,0%,44.95
https://www.dananghotelguide.com/best-hotels-in-hoi-an.html,0,917,0%,51.42
https://www.dananghotelguide.com/da-nang-time-converter.html,0,806,0%,9.68
https://www.dananghotelguide.com/living-in-da-nang-expat-guide.html,0,518,0%,9.07
https://www.dananghotelguide.com/brilliant-hotel-da-nang.html,0,470,0%,12.38
https://www.dananghotelguide.com/kr/luxury-hotels-da-nang.html,0,356,0%,47.13
https://www.dananghotelguide.com/an-bang-beach-hotels.html,0,342,0%,20.97
https://www.dananghotelguide.com/novotel-da-nang-han-river.html,0,290,0%,31.1
https://www.dananghotelguide.com/best-cafes-da-nang.html,0,236,0%,27.83
https://www.dananghotelguide.com/wyndham-soleil-da-nang.html,0,223,0%,10.89
https://www.dananghotelguide.com/rainy-season-da-nang-guide.html,0,190,0%,8.64
https://www.dananghotelguide.com/da-nang-first-time-visitors.html,0,173,0%,14.45
https://www.dananghotelguide.com/fusion-suites-da-nang.html,0,163,0%,24.65
https://www.dananghotelguide.com/a-la-carte-da-nang.html,0,147,0%,29.5
https://www.dananghotelguide.com/ba-na-hills-guide.html,0,132,0%,24.6
https://www.dananghotelguide.com/da-nang-digital-nomad-guide.html,0,126,0%,8.24
https://www.dananghotelguide.com/son-tra-peninsula-da-nang.html,0,122,0%,9.31
https://www.dananghotelguide.com/da-nang-weather-by-month.html#mar,0,109,0%,9.57
https://www.dananghotelguide.com/da-nang-weather-by-month.html#jun,0,105,0%,9.54
https://www.dananghotelguide.com/da-nang-fireworks-festival-guide.html,0,90,0%,9.44
https://www.dananghotelguide.com/kr/best-hotels-near-dragon-bridge.html,0,85,0%,28.69
https://www.dananghotelguide.com/da-nang-weather-by-month.html#jul,0,79,0%,9.91
https://www.dananghotelguide.com/review-marriott-resort-da-nang.html,0,78,0%,27
https://www.dananghotelguide.com/best-night-markets-da-nang.html,0,78,0%,34.09
https://www.dananghotelguide.com/grand-mercure-da-nang.html,0,76,0%,13.51
https://www.dananghotelguide.com/da-nang-weather-by-month.html#feb,0,74,0%,9.34
https://www.dananghotelguide.com/airbnb.html,0,70,0%,8.91
https://www.dananghotelguide.com/hilton-da-nang.html,0,66,0%,14.74
https://www.dananghotelguide.com/vietnam-tourism-boom-record-growth-2026.html,0,54,0%,7.48
https://www.dananghotelguide.com/tms-hotel-da-nang.html,0,52,0%,8.37
https://www.dananghotelguide.com/contact.html,0,50,0%,14.96
https://www.dananghotelguide.com/kr/da-nang-beach-hotels.html,0,49,0%,45.29
https://www.dananghotelguide.com/da-nang-weather-by-month.html#apr,0,43,0%,9.49
https://www.dananghotelguide.com/da-nang-weather-by-month.html#aug,0,42,0%,9.74
https://www.dananghotelguide.com/melia-da-nang.html,0,42,0%,19.79
https://www.dananghotelguide.com/melia-vs-radisson-blu-da-nang.html,0,37,0%,6.08
https://www.dananghotelguide.com/radisson-blu-da-nang.html,0,36,0%,5.92
https://www.dananghotelguide.com/best-shopping-da-nang.html,0,36,0%,18.78
https://www.dananghotelguide.com/premier-village-da-nang.html,0,36,0%,29.06
https://www.dananghotelguide.com/da-nang-vladivostok-flight-russian-tourism-2026.html,0,35,0%,6.8
https://www.dananghotelguide.com/da-nang-weather-by-month.html#may,0,35,0%,10.26
https://www.dananghotelguide.com/kr/best-korean-bbq-in-da-nang.html,0,35,0%,15.86
https://www.dananghotelguide.com/tia-wellness-resort-da-nang.html,0,35,0%,23.69
https://www.dananghotelguide.com/hoi-an-first-time-visitors.html,0,34,0%,7.5
https://www.dananghotelguide.com/best-hotels-near-my-khe-beach.html,0,34,0%,8.85
https://www.dananghotelguide.com/news.html,0,34,0%,9.32
https://www.dananghotelguide.com/kr/best-hotels-near-my-khe-beach.html,0,32,0%,45.88
https://www.dananghotelguide.com/da-nang-urban-railway-2026.html,0,30,0%,6.87
https://www.dananghotelguide.com/da-nang-airport-guide.html,0,30,0%,9.53
https://www.dananghotelguide.com/da-nang-weather-by-month.html#jan,0,28,0%,9.32
https://www.dananghotelguide.com/guides-da-nang-hotel-prices-by-month.html,0,25,0%,8.88
https://www.dananghotelguide.com/da-nang-7-day-itinerary.html,0,24,0%,7
https://www.dananghotelguide.com/editorial-policy.html,0,24,0%,9.12
https://www.dananghotelguide.com/han-river-night-cruise-da-nang.html,0,23,0%,8.78
https://www.dananghotelguide.com/da-nang-videos.html,0,23,0%,9.74
https://www.dananghotelguide.com/silk-path-grand-da-nang.html,0,22,0%,6.27
https://www.dananghotelguide.com/kr/why-koreans-love-my-khe-beach.html,0,22,0%,14.05
https://www.dananghotelguide.com/how-to-live-in-da-nang-under-1000-a-month.html,0,21,0%,8.95
https://www.dananghotelguide.com/arbora-luxury-collection-da-nang.html,0,20,0%,6.95
https://www.dananghotelguide.com/hotel-review-methodology.html,0,20,0%,23.9
https://www.dananghotelguide.com/kr/boutique-hotels-da-nang.html,0,20,0%,37.8
https://www.dananghotelguide.com/how-many-days-in-da-nang.html,0,18,0%,10.11
https://www.dananghotelguide.com/privacy.html,0,17,0%,9
https://www.dananghotelguide.com/terms.html,0,17,0%,15.76
https://www.dananghotelguide.com/kr/best-shopping-for-korean-tourists.html,0,16,0%,8.69
https://www.dananghotelguide.com/kr/best-areas-to-stay-in-da-nang.html,0,16,0%,62.56
https://www.dananghotelguide.com/da-nang-first-time-visitors-area-guide.html,0,13,0%,13.31
https://www.dananghotelguide.com/dragon-bridge-da-nang.html,0,12,0%,32.25
https://www.dananghotelguide.com/kr/,0,11,0%,6.45
https://www.dananghotelguide.com/da-nang-digital-nomad-forbes-2026.html,0,11,0%,8.18
https://www.dananghotelguide.com/why-trust-us.html,0,11,0%,9.82
https://www.dananghotelguide.com/muong-thanh-luxury-da-nang.html,0,11,0%,15.73
https://www.dananghotelguide.com/da-nang-5-day-itinerary.html,0,10,0%,12.7
https://www.dananghotelguide.com/da-nang-hotels-near-airport.html,0,8,0%,7.75
https://www.dananghotelguide.com/best-han-river-hotels-da-nang.html,0,8,0%,12.88
https://www.dananghotelguide.com/kr/korean-friendly-resorts-da-nang.html,0,8,0%,13.5
https://www.dananghotelguide.com/hoi-an-da-nang-travel-leisure-hidden-gems-2026.html,0,7,0%,6.14
https://www.dananghotelguide.com/melia-vinpearl-da-nang.html,0,7,0%,7.43
https://www.dananghotelguide.com/da-nang-guide-for-australian-travelers.html,0,6,0%,8.5
https://www.dananghotelguide.com/kr/where-to-stay-in-da-nang.html,0,6,0%,11.5
https://www.dananghotelguide.com/review-tms-hotel-da-nang.html,0,3,0%,5.67
https://www.dananghotelguide.com/best-bars-in-da-nang.html#cocktail-bars,0,3,0%,9
https://www.dananghotelguide.com/best-bars-in-da-nang.html#live-music,0,3,0%,9
https://www.dananghotelguide.com/best-bars-in-da-nang.html#rooftop-bars,0,3,0%,9
https://www.dananghotelguide.com/kr/best-areas-for-korean-families.html,0,3,0%,19.33
https://www.dananghotelguide.com/da-nang-russia-cis-air-links-2026.html,0,2,0%,5
https://www.dananghotelguide.com/da-nang-eco-city-merger-2050.html,0,2,0%,7.5
https://www.dananghotelguide.com/da-nang-3-day-itinerary.html,0,2,0%,10
https://www.dananghotelguide.com/da-nang-visa-run-guide.html#lynn-visa,0,2,0%,11
https://www.dananghotelguide.com/da-nang-visa-run-guide.html#visa-run-options,0,2,0%,11
https://www.dananghotelguide.com/best-bars-in-da-nang.html#craft-beer,0,2,0%,11.5
https://www.dananghotelguide.com/da-nang-weather-by-month,0,1,0%,1
https://www.dananghotelguide.com/data-and-local-insights,0,1,0%,1
https://www.dananghotelguide.com/da-nang-visa-run-guide.html#evisa-overview,0,1,0%,11
https://www.dananghotelguide.com/da-nang-visa-run-guide.html#visa-table,0,1,0%,11