Top queries,Clicks,Impressions,CTR,Position
ho chi minh city,2,125,1.6%,3.07
is hoi an cheaper than da nang,2,51,3.92%,5.76
da nang or phu quoc which is better,2,41,4.88%,8.54
da nang vs phu quoc which is better,2,25,8%,8.4
ryan yousefi,2,12,16.67%,4.42
nearest mall near me,2,7,28.57%,6.29
danang weather by month october,2,5,40%,10.8
where to stay in da nang,1,239,0.42%,44.4
da nang weather by month,1,233,0.43%,15.11
da nang,1,192,0.52%,3.65
da nang vs hoi an,1,154,0.65%,14.92
danang weather by month,1,135,0.74%,12.99
phu quoc or da nang,1,128,0.78%,8.81
da nang where to stay,1,124,0.81%,45.21
worst time to visit da nang,1,107,0.93%,8.9
ho chi minh city vs da nang,1,95,1.05%,11.81
how to get from da nang airport to hoi an,1,89,1.12%,46.21
malls near me,1,70,1.43%,9.74
danang vs ho chi minh,1,62,1.61%,9.15
four points by sheraton da nang,1,61,1.64%,46.52
danang,1,60,1.67%,3.07
danang vs phu quoc,1,50,2%,9.66
danang luxury resort,1,46,2.17%,34.11
ho chi minh or da nang which is better,1,45,2.22%,9.38
다낭 편의점,1,35,2.86%,8.63
da nang restaurants,1,28,3.57%,19.46
danang korea town,1,27,3.7%,8.04
is da nang or ho chi minh better,1,24,4.17%,7.62
is hoi an in da nang,1,23,4.35%,12.65
danang or hoi an,1,21,4.76%,21.76
grab da nang,1,20,5%,7.65
bib gourmand da nang,1,16,6.25%,9.12
5 star hotels in danang vietnam,1,15,6.67%,35.2
is it better to stay in da nang or hoi an,1,13,7.69%,2.69
da nang russians,1,12,8.33%,8.08
vincom plaza da nang atm,1,12,8.33%,9.33
да,1,11,9.09%,1.73
top hotels in danang,1,10,10%,31.9
cheapest supermarket in da nang,1,4,25%,9
hilton da nang fireworks,1,3,33.33%,6
da nang vs,1,3,33.33%,6.33
hyatt regency danang kids club,1,3,33.33%,10.33
danang transport,1,2,50%,12
good hotels in da nang,1,2,50%,15.5
visa run da nang,1,2,50%,15.5
link?,1,1,100%,1
bütçe,1,1,100%,2
how many hours from da nang to hoi an,1,1,100%,2
it’s tuesday today,1,1,100%,2
best hotel in phu quoc vietnam,1,1,100%,3
hoi van pass,1,1,100%,4
combien de restaurants,1,1,100%,6
kids are 13 and 11,1,1,100%,7
ya,1,1,100%,7
best cocktail bars da nang,1,1,100%,8
son tra,1,1,100%,8
with prices,1,1,100%,16
da nang nightlife 2026 singles bars hookup spots,0,666,0%,10.38
da nang cheap hotels,0,436,0%,39.5
da nang hotels,0,418,0%,30.84
cheap hotel in da nang vietnam,0,413,0%,45.11
grocery stores near me,0,353,0%,10.58
da nang luxury resort,0,282,0%,32.84
best family resort da nang,0,274,0%,40.29
best hotels in da nang,0,253,0%,30.85
hyatt vs marriot da nang,0,251,0%,5.43
da nang resorts 5 star,0,229,0%,30.79
where to buy groceries,0,228,0%,10.01
da nang vs ho chi minh,0,224,0%,9.21
luxury resorts da nang,0,220,0%,29.52
phu quoc vs da nang,0,216,0%,9.91
da nang family resort,0,214,0%,37.59
hotels in da nang,0,206,0%,32.2
da nang luxury hotels,0,200,0%,30.13
grocery store near me,0,192,0%,9.52
da nang luxury resorts,0,191,0%,27.92
da nang resort,0,180,0%,45.78
da nang reviews,0,159,0%,13.35
mall near me,0,156,0%,10.05
da nang or hoi an,0,154,0%,37.51
cheap hotels in da nang,0,154,0%,41.14
da nang 5 star hotels,0,152,0%,40.13
best resort in da nang,0,142,0%,30.18
beach hotels in da nang vietnam,0,142,0%,46.28
da nang vs phu quoc,0,132,0%,9.88
da nang hotels on the beach,0,132,0%,42.42
beachfront hotels da nang,0,130,0%,41.22
da nang bar,0,125,0%,40.42
da nang or phu quoc,0,123,0%,9.3
da nang resorts,0,120,0%,36.46
bars in danang,0,120,0%,37.57
best hotels in hoi an vietnam,0,119,0%,65.07
dining in danang,0,116,0%,25.1
intercontinental danang,0,116,0%,42.23
da nang or ho chi minh,0,114,0%,7.73
where to stay in hoi an vietnam,0,113,0%,39.71
are my khe or non nuoc beach hotels better?,0,109,0%,7.53
my khe beach hotel,0,105,0%,41.69
where is the best place to stay in da nang,0,105,0%,46.96
the legend danang reviews,0,103,0%,41.27
bars in da nang,0,102,0%,37.62
da nang hotel near beach,0,102,0%,40.22
phu quoc,0,100,0%,3.48
ho chi minh vs da nang,0,99,0%,9.25
da nang hotels 5 star,0,98,0%,37.76
da nang review,0,97,0%,14.8
hotels da nang beach vietnam,0,96,0%,44.52
four points by sheraton danang,0,95,0%,45.56
danang bars,0,94,0%,41.16
da nang hotel,0,92,0%,34.91
family resort danang,0,91,0%,41.84
best family resort in danang,0,90,0%,35.74
da nang temperature by month,0,89,0%,13.52
best family hotel da nang,0,87,0%,37.11
luxury beachfront danang resort with infinity pool,0,85,0%,16.58
luxury resorts da nang vietnam,0,85,0%,30.46
luxury danang hotels non nuoc beach,0,84,0%,22.73
what to do in da nang for 3 days,0,84,0%,74.18
best time to visit da nang vietnam 2026,0,83,0%,9.95
son tra resort,0,83,0%,20.28
hotels near hoi an ancient town,0,83,0%,43.54
brilliant hotel danang,0,81,0%,19.64
sanouva danang hotel reviews,0,80,0%,15.04
hotels near non nuoc beach,0,80,0%,28.65
hoi an vietnam best hotels,0,80,0%,58.49
luxury beachfront accommodation danang,0,79,0%,30.49
luxury hotel near marble mountains danang,0,79,0%,32.11
luxury danang resorts,0,78,0%,34.67
where to stay in hoi an,0,78,0%,36.78
best deals in da nang,0,75,0%,17.65
non nuoc beach resorts,0,75,0%,29.75
luxury danang beach resort,0,74,0%,35
5 star hotel in da nang vietnam,0,74,0%,41.96
luxury beach resorts in da nang,0,73,0%,26.84
danang hotels on the beach,0,72,0%,36.97
hotel near hoi an ancient town,0,71,0%,43.2
intercontinental danang sun peninsula resort,0,71,0%,49.63
5 star resort da nang,0,70,0%,42.59
hotéis baratos em da nang,0,70,0%,53.33
luxury danang spa resort,0,69,0%,33.32
my khe beach hotels,0,69,0%,43.36
luxury suites danang beach,0,68,0%,35.69
da nang mall,0,68,0%,38.85
da nang vietnam reviews,0,67,0%,14.97
다낭 럭셔리 호텔,0,67,0%,41.58
vinpearl da nang,0,66,0%,13.94
luxury beach resort da nang,0,66,0%,35.65
beachfront accommodation da nang,0,66,0%,37.88
da nang shopping mall,0,66,0%,46.05
luxury non nuoc beach resorts danang,0,65,0%,27.89
best places to stay in hoi an vietnam,0,65,0%,47.54
ho chi minh or da nang,0,64,0%,8.16
hotel in da nang near beach,0,64,0%,36.12
da nang oceanfront hotels,0,64,0%,44.12
hoi an vs da nang,0,63,0%,11.95
danang luxury hotels,0,63,0%,36.81
is da nang cheap,0,61,0%,8
best luxury hotels da nang vietnam 2026,0,61,0%,10.59
da nang hoi an,0,60,0%,23.85
다낭에 있는 5성급 리조트,0,59,0%,37.86
danang hoi an,0,59,0%,44.98
danang or phu quoc,0,58,0%,8.33
best resort doanphuongkimlien.com getaway,0,58,0%,9.41
is da nang cheaper than hanoi,0,57,0%,8.32
phu quoc or da nang which is better,0,57,0%,9.12
top hotels in da nang,0,57,0%,26.11
da nang luxury accommodation,0,57,0%,32.14
best hotels in hoi an,0,57,0%,59.96
hotels in hoi an old town,0,56,0%,36.02
hotels near my khe beach da nang,0,56,0%,43.64
다낭 5성급 해변 리조트,0,56,0%,47.05
danang fine dining,0,55,0%,17.91
beachfront hotel suites da nang,0,55,0%,35.27
luxury danang hotel,0,55,0%,41.05
things to do in da nang,0,55,0%,76.42
hotels da nang,0,54,0%,35.43
luxury danang hotels,0,52,0%,36.83
danang family resort,0,52,0%,37.21
best luxury hotels da nang 2026,0,51,0%,9.43
cocktail bars da nang,0,51,0%,31.51
where to stay in danang,0,51,0%,38.51
다낭 최고의 5성급 호텔,0,51,0%,40.37
cocktail bar da nang,0,51,0%,43.37
shopping mall da nang,0,51,0%,50.94
용다리 전망의 다낭 호텔,0,50,0%,24.82
bars in danang near han river,0,50,0%,28.34
hoi an to da nang grab price 2026,0,49,0%,10.18
vincom plaza da nang bowling arcade,0,49,0%,10.51
non nuoc beach,0,49,0%,24.08
hotel with cocktail bar da nang,0,49,0%,24.35
how much do da nang beach resorts typically cost?,0,48,0%,9.94
vinpearl luxury da nang,0,48,0%,13.67
best hotel in da nang,0,48,0%,29.6
5 star hotel da nang beach,0,47,0%,39.26
how much is taxi from da nang to hoi an,0,47,0%,60.4
hanoi vs danang,0,46,0%,8.96
hilton da nang reviews,0,46,0%,19.26
5 star family hotel da nang,0,46,0%,37.24
best da nang hotels,0,45,0%,29.8
luxury hotel in da nang vietnam,0,45,0%,44.91
hotel in da nang vietnam,0,44,0%,41.77
beachfront hotel rooms in da nang,0,43,0%,45.86
vinpearl luxury resort da nang,0,42,0%,25.05
an bang beach hotels,0,42,0%,30.1
best place to stay in da nang,0,42,0%,38.64
bar in da nang,0,42,0%,40.07
beachfront danang hotel rooms,0,42,0%,41.17
beachfront hotel da nang,0,42,0%,43.62
restaurants in da nang vietnam,0,41,0%,25.88
hyatt regency danang,0,41,0%,34.54
my khe beach,0,41,0%,38.56
hotel my kyhe beach vietnam,0,41,0%,43.37
hoi an or da nang,0,40,0%,17.2
best area to stay in da nang travel and tourism,0,40,0%,23.62
hoi an hotels old town,0,40,0%,40.8
best hotels hoi an,0,40,0%,63.98
da nang or hanoi,0,39,0%,8.82
danang vs hanoi,0,39,0%,11.97
novotel danang premier han river,0,39,0%,37.44
베트남 다낭 해변 리조트,0,39,0%,41.56
beachfront hotels in danang vietnam,0,39,0%,52.85
da nang rainfall by month,0,38,0%,8.47
vincom plaza da nang bowling alley name,0,38,0%,9.32
luxury all inclusive resorts in da nang,0,38,0%,23.84
danang 5 star hotels,0,38,0%,35.05
da nang 5 star hotels near han river,0,38,0%,42.87
grab in da nang,0,37,0%,6.11
non nuoc beach da nang,0,37,0%,25.68
da nang resort hotel,0,37,0%,36.46
bus da nang airport to hoi an,0,37,0%,42.41
intercontinental da nang,0,37,0%,46
which is better ho chi minh or da nang,0,36,0%,9.22
da nang climate by month,0,36,0%,10.75
family resorts in da nang,0,36,0%,27.56
best hotels da nang,0,36,0%,30.89
best place to stay in hoi an,0,36,0%,39.61
should i stay in da nang or hoi an,0,35,0%,13.11
restaurant danang,0,35,0%,26.86
da nang beach hotels,0,35,0%,33.8
da nang or ho chi minh which is better,0,34,0%,8.59
danang vs hoi an,0,34,0%,9
da nang hotels with private beach,0,34,0%,24.12
hotel da nang,0,34,0%,34.82
beachfront hotel suites danang,0,34,0%,35.41
hoi an,0,33,0%,3.12
grocery stores,0,33,0%,8.24
danang or ho chi minh,0,33,0%,8.39
best hotels in da nang vietnam 2026,0,33,0%,13.27
fine dining da nang,0,33,0%,20.42
top rated family all inclusive resorts in da nang,0,33,0%,25.09
fusion suites danang beach,0,33,0%,34.03
hoi an old town hotels,0,33,0%,37.06
novotel da nang,0,33,0%,45.06
phu quoc vs da nang which is better,0,32,0%,9.31
da nang vs hanoi,0,32,0%,13.09
da nang family resorts,0,32,0%,27.88
best hotels danang,0,32,0%,32.94
da nang mall near me,0,32,0%,35.66
bana hills destination guide,0,32,0%,61.38
phu quoc or danang,0,31,0%,8.68
which is better da nang or ho chi minh,0,31,0%,9.39
danang review,0,31,0%,16.58
danang hotels,0,31,0%,34.48
cocktail bar danang beachfront,0,30,0%,27.07
danang resorts beachfront,0,30,0%,38.97
transfer from da nang airport to hoi an,0,30,0%,46.03
da nang rainy season 2026,0,29,0%,7.72
da nang airport to hoi an grab price 2026,0,29,0%,9.24
brilliant hotel da nang,0,29,0%,18.97
best resorts in da nang,0,29,0%,28.41
5 star hotels da nang,0,29,0%,35.38
hoi an hotels,0,29,0%,62.52
ho chi minh city or da nang,0,28,0%,8.29
hanoi or da nang,0,28,0%,13.71
다낭 호텔,0,28,0%,15.68
radisson hotel danang reviews,0,28,0%,18.25
da nang 5 star resort,0,28,0%,29.79
danang beachfront hotel suites,0,28,0%,32.89
da nang and hoi an,0,28,0%,38.39
best hotels in hoi an old town,0,28,0%,41.46
beachfront hotel rooms in danang,0,28,0%,41.54
다낭 용다리 근처 5성급 호텔,0,28,0%,41.79
a la carte da nang,0,28,0%,42.71
다낭 호텔 순위,0,28,0%,42.75
resorts near marble mountains danang,0,28,0%,46.64
hotel near my khe beach danang,0,28,0%,47.11
biggest shopping mall in danang,0,28,0%,52.79
how to travel around da nang,0,28,0%,80.18
grab nam nam o da nang,0,27,0%,6.81
best time to visit da nang and phu quoc,0,27,0%,7.33
my khe vs non nuoc beach da nang hotels comparison,0,27,0%,12.37
is hoi an expensive,0,27,0%,12.74
da nang airport to hoi an,0,27,0%,33.22
mall in danang vietnam,0,27,0%,52.41
biggest mall in danang,0,27,0%,52.89
shopping mall in danang,0,27,0%,57.11
best hoi an hotels,0,27,0%,61.11
da nang in korean,0,26,0%,8.65
da nang nightlife,0,26,0%,22.73
hoi an ancient town hotels,0,26,0%,42.04
da nang oceanfront hotel,0,26,0%,43
hotel near my khe beach da nang,0,26,0%,43.65
hotels da nang beach,0,26,0%,43.92
novotel danang,0,26,0%,45.5
best hotel in hoi an old town,0,26,0%,46
best shopping mall danang,0,26,0%,61.54
danang or phu quoc which is better,0,25,0%,9.44
phu quoc vs danang,0,25,0%,9.84
yes,0,25,0%,10.04
da nang to hoi an grab price 2026,0,25,0%,10.44
danang temperature by month,0,25,0%,11.48
hoi an da nang,0,25,0%,26
furama resort danang,0,25,0%,37.88
hotels near hoi an old town,0,25,0%,41.04
best resort in hoi an,0,25,0%,48.2
shopping center da nang,0,25,0%,52.8
best mall in danang,0,25,0%,57.36
phu quoc weather,0,24,0%,2.42
hoi an danang vietnam,0,24,0%,19.83
cheap hotels da nang,0,24,0%,25.62
wishes fireworks الفنادق الموجودة بالقرب من,0,24,0%,28.08
best place to stay in danang vietnam,0,24,0%,30.08
danang hotel,0,24,0%,30.88
ho chi minh city or da nang which is better,0,23,0%,7.48
saigon vs da nang,0,23,0%,8.04
which is better da nang or phu quoc,0,23,0%,9.39
da nang hotel recommendation 2026,0,23,0%,10.26
da nang vietnam time zone utc+7,0,23,0%,10.39
danang restaurants near han river,0,23,0%,15.96
pavilion hotel da nang reviews,0,23,0%,19.13
hilton da nang review,0,23,0%,20.04
da nang accommodation,0,23,0%,21.09
vinpearl luxury villas da nang,0,23,0%,25.09
5 star hotels in da nang,0,23,0%,35.43
luxury hotels in da nang vietnam,0,23,0%,38.91
transfer from danang airport to hoi an,0,23,0%,42.26
best place to stay in hoi an vietnam,0,23,0%,43.7
cheap hotels in da nang vietnam,0,23,0%,44.22
best mall in da nang vietnam,0,23,0%,53
big shopping mall in danang,0,23,0%,56.57
da nang korean,0,22,0%,8.64
best all inclusive resorts in da nang for couples,0,22,0%,16.32
haian riverfront hotel da nang reviews,0,22,0%,17.5
luxury resort da nang,0,22,0%,20
da nang climate,0,22,0%,25.64
hoi an or danang,0,22,0%,25.68
best hotel da nang,0,22,0%,28.95
danang intercontinental,0,22,0%,33.77
da nang shopping center,0,22,0%,47.68
shopping mall da nang vietnam,0,22,0%,54.59
is there grab in da nang,0,21,0%,7.1
danang korea,0,21,0%,7.19
da nang vs hoi an nightlife,0,21,0%,9.14
which is better danang or phu quoc,0,21,0%,9.24
where to stay da nang or hoi an,0,21,0%,15.57
5-star hotels in da nang,0,21,0%,28.24
hotels hoi an old town,0,21,0%,37.9
where to stay in da nang vietnam,0,21,0%,40.71
danang airport to hoi an transfer,0,21,0%,43.05
danang and hoi an,0,21,0%,43.38
best resorts in hoi an,0,21,0%,47.86
best shopping mall in danang,0,21,0%,59.19
where to stay in da nang for first timers,0,20,0%,6.1
is hoi an cheap,0,20,0%,7.3
ho chi minh vs danang,0,20,0%,8.7
is da nang expensive,0,20,0%,9.15
nightlife da nang,0,20,0%,16.9
danang mall,0,20,0%,28
danang weather in may,0,20,0%,31.5
best area to stay in da nang,0,20,0%,32.35
best hotel in danang,0,20,0%,35.8
beachfront bars in danang,0,20,0%,38.95
danang climate,0,20,0%,39.1
helio center da nang opening hours 2026,0,19,0%,8.63
da nang humidity by month,0,19,0%,9.05
da nang russian,0,19,0%,9.37
da nang weather in march,0,19,0%,16.42
hyatt regency danang resort and spa reviews,0,19,0%,20.58
danang hotels 5 star,0,19,0%,31
places to stay in da nang,0,19,0%,35.05
da nang best hotels,0,19,0%,36.53
da nang mikazuki japanese resorts and spa,0,19,0%,37.37
an bang beach accommodation,0,19,0%,39.37
다낭 5성급 웨딩 호텔,0,19,0%,54.58
top hotels in hoi an,0,19,0%,55
how long to spend in da nang,0,19,0%,60.21
da nang things to do,0,19,0%,79.32
da nang airport to hoi an grab price,0,18,0%,3.28
corner bar da nang,0,18,0%,8.78
is da nang better than ho chi minh,0,18,0%,8.94
ba dong da nang,0,18,0%,9.06
stay in hoi an or da nang,0,18,0%,11.11
hanoi vs da nang,0,18,0%,11.22
best hotels in da nang 2026,0,18,0%,12.06
da nang vietnam shopping mall,0,18,0%,30.33
hotel in hoi an old town,0,18,0%,34.39
da nang vs nha trang,0,18,0%,37.28
da nang bars,0,18,0%,42.17
marriott da nang,0,18,0%,45.67
da nang all inclusive resort,0,18,0%,47.83
다낭 5성급 호텔,0,18,0%,56.06
stay in da nang or hoi an,0,17,0%,8.53
best luxury resorts da nang vietnam 2026,0,17,0%,10.12
non nuoc beach hotels,0,17,0%,14.82
best hotels in hoi an 2026,0,17,0%,15.76
le sands oceanfront danang hotel reviews,0,17,0%,19.82
malls in da nang,0,17,0%,24
hoi an where to stay,0,17,0%,33.82
transfer da nang airport to hoi an,0,17,0%,35.41
da nang shopping centre,0,17,0%,36.06
resorts in da nang,0,17,0%,36.82
best places to stay in hoi an,0,17,0%,39.06
danang beach hotels,0,17,0%,45.18
marriott danang,0,17,0%,46.94
미케 비치 근처 다낭 5성급 호텔,0,17,0%,47.06
accommodation in danang near han river,0,17,0%,49.18
5 star hotel near my khe beach,0,17,0%,52.47
"""tms hotel da nang beach"" latitude longitude",0,16,0%,4.69
da nang or ho chi minh city,0,16,0%,7.44
편의점,0,16,0%,7.62
best rooftop bars near me,0,16,0%,7.69
best hotels da nang vietnam 2026,0,16,0%,7.81
phu quoc or danang better,0,16,0%,9
hanoi or da nang which is better,0,16,0%,9.75
da nang and phu quoc,0,16,0%,13.31
bars near me,0,16,0%,14.12
danang resorts luxury,0,16,0%,19.19
da nang oder hoi an,0,16,0%,22.25
hyatt regency da nang,0,16,0%,25.56
da nang hotels 5-star,0,16,0%,32.38
danang 5 star beach resort,0,16,0%,38.44
what neighborhood to stay in da nang,0,16,0%,39.44
beach resorts in da nang,0,16,0%,41.94
hoi an ancient town accommodation,0,16,0%,43.88
danang beach resorts,0,16,0%,45.12
danang marriott resort & spa non nuoc beach villas,0,16,0%,48
beach hotel da nang with rooftop pool,0,16,0%,51.25
다낭 5 성급 호텔,0,16,0%,52.81
best restaurants in da nang,0,16,0%,54.06
best hotel in hoi an,0,16,0%,59.06
best accommodation hoi an,0,16,0%,69.94
what to do in da nang,0,16,0%,81.06
best luxury hotels in hoi an,0,16,0%,85.44
ho chi minh and da nang,0,15,0%,8
which is cheaper da nang or hanoi,0,15,0%,8
koreans in da nang,0,15,0%,8.27
is phu quoc better than da nang,0,15,0%,8.67
"""linh ung pagoda"" ""marble mountains"" ""12 km""",0,15,0%,8.93
da nang weather november december,0,15,0%,9.13
should i stay in hoi an or da nang,0,15,0%,9.67
is phu quoc near da nang,0,15,0%,9.87
grocery stores open 24 hours near me,0,15,0%,10.93
luxury hotels in danang,0,15,0%,27.8
hotels danang,0,15,0%,28.4
best area to stay in hoi an,0,15,0%,32.4
da nang best hotel,0,15,0%,32.67
vietnam danang hoi an,0,15,0%,32.93
best hotels in da nang vietnam,0,15,0%,34.87
luxury hotels in da nang,0,15,0%,37.13
다낭 부티크 호텔,0,15,0%,37.47
da nang vietnam hoi an,0,15,0%,37.6
nha trang vs da nang,0,15,0%,39.93
holiday rental near an bang beach,0,15,0%,42.4
da nang beach resorts,0,15,0%,44.8
where to stay in hoi an old town,0,15,0%,49.6
da nang beach hotel,0,15,0%,53.6
"hotel barato em da nang, vietnã",0,15,0%,55.73
5 star beach resort da nang,0,15,0%,61.73
da nang to hoi an,0,14,0%,7.21
da nang vs saigon,0,14,0%,7.71
brilliant hotel da nang nang,0,14,0%,11
non nuoc beach accommodation,0,14,0%,14.64
hoi an danang,0,14,0%,26.43
shopping mall in da nang,0,14,0%,32.29
da nang intercontinental,0,14,0%,33.71
beachfront danang accommodation,0,14,0%,37.36
weather in da nang in may,0,14,0%,39
5 star hotel da nang,0,14,0%,39.21
da nang market,0,14,0%,49.57
hoi an luxury hotels,0,14,0%,59.5
다낭 5성급 이벤트 호텔,0,14,0%,62.93
da nang to hoi an transfer,0,14,0%,69.86
da nang weather,0,13,0%,3.23
japanese style luxury resort in da nang with authentic cultural experience,0,13,0%,3.92
da nang vietnam vs ho chi minh,0,13,0%,7
does grab work in da nang,0,13,0%,7.08
best restaurants da nang michelin bib gourmand,0,13,0%,9.46
danang or hanoi,0,13,0%,10
boutique hotels in da nang,0,13,0%,20.54
da nang weather in december,0,13,0%,21.54
da nang resort recommendations,0,13,0%,24.08
best da nang resorts,0,13,0%,24.54
da nang vietnam hotels,0,13,0%,30.69
best bars in da nang,0,13,0%,31.38
da nang where to eat,0,13,0%,32.62
japanese resort da nang,0,13,0%,38.15
intercontinental hotel danang,0,13,0%,38.62
nha trang or da nang,0,13,0%,43.38
best hotels hoi an old town,0,13,0%,44.46
accommodation hoi an old town,0,13,0%,44.62
novotel đà nẵng,0,13,0%,46.08
best place to stay in hoi an old town,0,13,0%,52.23
다낭 시내 중심 5성급 호텔,0,13,0%,56.77
best hotels hoi an vietnam,0,13,0%,61.15
da nang night market,0,13,0%,74.15
da nang vietnam,0,12,0%,2.5
hoi an weather,0,12,0%,3.92
da nang of hoi an,0,12,0%,6
grab danang,0,12,0%,9
boutique hotels da nang,0,12,0%,17.83
vinpearl premium villas da nang,0,12,0%,19.83
shopping centre da nang,0,12,0%,28.25
fusion suites danang beach hotel,0,12,0%,28.58
best hotels in da nang beach,0,12,0%,31.33
da nang weather in january,0,12,0%,31.42
luxury hotel da nang,0,12,0%,33.33
best hotel in da nang vietnam,0,12,0%,34.33
5-star hotels in danang vietnam,0,12,0%,37.25
danang river view rooms,0,12,0%,37.5
a la carte da nang beach,0,12,0%,38.75
best areas to stay in hoi an,0,12,0%,39.5
intercon danang,0,12,0%,39.92
fusion suites da nang,0,12,0%,40.33
novotel da nang hotel,0,12,0%,41.17
danang family beach resort,0,12,0%,42.17
old town hoi an hotels,0,12,0%,42.42
hotel near danang hoi an ancient town,0,12,0%,45.08
5 star danang hoi an hotels,0,12,0%,45.5
hoi an and danang,0,12,0%,47.17
danang hotel with view of dragon bridge,0,12,0%,48.25
다낭 한강 근처 5성급 호텔,0,12,0%,55.92
mall danang vietnam,0,12,0%,62.17
is da nang and hoi an the same,0,11,0%,1.36
best rooftop bars da nang 2026,0,11,0%,4.36
which is better danang or ho chi minh,0,11,0%,5.73
da nang grab,0,11,0%,6.36
da nang korea,0,11,0%,6.73
yes please,0,11,0%,8
shopping centers near koe resort da nang,0,11,0%,8.45
which is better phu quoc or da nang,0,11,0%,9
best luxury resorts da nang 2026,0,11,0%,9.18
da nang michelin guide,0,11,0%,9.18
"""marble mountains"" ""ba na hills"" ""35 km""",0,11,0%,9.36
which is better hanoi or danang,0,11,0%,9.45
danang mall near me,0,11,0%,9.55
best luxury hotels in da nang vietnam 2026,0,11,0%,11.09
danang vietnam weather by month,0,11,0%,11.36
da nang average rainfall august mm,0,11,0%,11.64
da nang mall vietnam,0,11,0%,12.27
phu quoc and da nang,0,11,0%,16.18
best hotel danang,0,11,0%,34.55
where to stay in danang vietnam,0,11,0%,37.09
my khe beach da nang,0,11,0%,37.45
boutique hotel da nang,0,11,0%,38
intercontinental danang price,0,11,0%,39
intercon da nang,0,11,0%,43
da nang hoi an vietnam,0,11,0%,44.45
danang hoi an luxury hotels,0,11,0%,45.09
best resorts in hoi an vietnam,0,11,0%,47.55
intercontinental vietnam,0,11,0%,61.91
리조트 5 사오다낭,0,11,0%,88.09
hoi an vietnam,0,10,0%,2.6
da nang airport to my khe beach grab fare 2026,0,10,0%,4.4
"""british international school da nang""",0,10,0%,4.7
da nang to hoi an grab price,0,10,0%,5.1
ho chi minh or danang,0,10,0%,7.4
da nang hotel with indoor and outdoor water park suitable for all ages,0,10,0%,8.7
stay in danang or hoi an,0,10,0%,9.1
da nang beach resorts typical prices cost per night,0,10,0%,9.8
da nang airport to my khe beach taxi fare,0,10,0%,10.4
weather in da nang by month,0,10,0%,11.1
wyndham soleil danang reviews,0,10,0%,11.5
da nang party street,0,10,0%,11.6
da nang malls,0,10,0%,12.3
hoi an oder da nang,0,10,0%,12.8
da nang vietnam weather by month,0,10,0%,13.8
da nang rain,0,10,0%,16.4
ancient town hotel,0,10,0%,21.4
restaurant in danang,0,10,0%,24.7
hotels in danang,0,10,0%,28.2
da nang shopping,0,10,0%,29.2
best resort da nang,0,10,0%,29.3
da nang weather in may,0,10,0%,32.4
hotel hoi an old town,0,10,0%,32.9
5 star hotels da nang vietnam,0,10,0%,33.8
best 5-star hotels in da nang vietnam,0,10,0%,36.1
top 11 bars & clubs in da nang,0,10,0%,36.6
best location to stay in da nang,0,10,0%,37.8
danang hoi an accommodation,0,10,0%,39.3
my khe beach resort,0,10,0%,39.9
fusion suites danang,0,10,0%,40.2
a la carte danang beach,0,10,0%,44.4
hotels in da nang beach,0,10,0%,44.4
da nang rainy season,0,10,0%,45.4
resorts in danang,0,10,0%,45.4
intercontinental vietnam danang,0,10,0%,46.1
미케 비치 주변 호텔,0,10,0%,47
hoi an hotels best,0,10,0%,58.2
best hotel in hoi an vietnam,0,10,0%,62.6
what to see in da nang,0,10,0%,73.5
things to do at da nang,0,10,0%,82.9
da nang or hoi an which is better,0,9,0%,1
how far is hoi an from da nang,0,9,0%,2
where to stay in danang for first timers,0,9,0%,2.11
hoi an to da nang,0,9,0%,2.33
danang weather,0,9,0%,3.33
дананг,0,9,0%,4.33
hoi an vs danang,0,9,0%,4.44
grab in danang,0,9,0%,5.67
da nang vs ho chi minh city,0,9,0%,6.67
da nang airport to my khe beach,0,9,0%,6.89
hyattend,0,9,0%,8.22
is da nang more expensive than hanoi,0,9,0%,8.67
cheap bar near me,0,9,0%,8.78
grab da nang airport to hoi an price 2026,0,9,0%,9.22
brilliant hotel reviews,0,9,0%,11.22
weather da nang by month,0,9,0%,11.67
da nang nightlife street,0,9,0%,12.22
hoi an da nang vietnam,0,9,0%,17.67
best area to stay in da nang for first timers,0,9,0%,18.78
my khe beach resorts,0,9,0%,24.56
hotel with firework views,0,9,0%,26.67
hotel danang,0,9,0%,26.78
vinpearl da nang resort,0,9,0%,27.44
danang luxury hotel,0,9,0%,28.44
best resort in danang,0,9,0%,28.67
da nang accommodation luxury,0,9,0%,30.22
best restaurants danang,0,9,0%,33
where to stay hoi an,0,9,0%,33.11
danang shopping centre,0,9,0%,34.22
bang hotels,0,9,0%,34.33
danang honeymoon suite,0,9,0%,36.67
hoi an hotel old town,0,9,0%,36.78
luxury hotel danang vietnam,0,9,0%,37.67
luxury hotels in danang vietnam,0,9,0%,39.56
vinh hung old town hotel,0,9,0%,39.67
hotels in da nang vietnam,0,9,0%,39.78
best hotels in danang vietnam,0,9,0%,40
danang vs nha trang,0,9,0%,40
grand mercure danang,0,9,0%,41
best place to stay hoi an,0,9,0%,41.22
hotels my khe beach vietnam,0,9,0%,42.11
intercontinental danang sun,0,9,0%,42.89
a la carte da nang beach hotel,0,9,0%,43
hotels in da nang on the beach,0,9,0%,45.78
non nuoc beach villas,0,9,0%,46.33
da nang marriott,0,9,0%,47.22
where to stay in hoi an town,0,9,0%,48.22
supermarket da nang,0,9,0%,51.22
cafe da nang,0,9,0%,55.67
best hotel hoi an vietnam,0,9,0%,55.89
가족 여행에 좋은 다낭 5성급 호텔,0,9,0%,58.33
best time to visit da nang,0,9,0%,69.33
best hotel to watch burj khalifa fireworks,0,9,0%,73.89
"what are the 5-star hotels available in da nang, da nang municipality, 
vietnam?",0,8,0%,1.25
best time to visit phu quoc,0,8,0%,2.38
danang vietnam,0,8,0%,3.38
hoi an accommodation,0,8,0%,4.12
should i stay in danang or hoi an,0,8,0%,5.38
da nang airport to my khe beach distance,0,8,0%,6.12
non nuoc beach vs my khe beach,0,8,0%,7.62
호텔,0,8,0%,7.88
da nang airport to my khe beach taxi fare 2026,0,8,0%,8.12
which is better danang or hanoi,0,8,0%,8.12
on the radio bar da nang opening hours 2 am,0,8,0%,8.38
bars near me open now,0,8,0%,8.75
is hoi an part of da nang,0,8,0%,8.88
danang and phu quoc,0,8,0%,9
da nang nightlife best bars clubs 2026,0,8,0%,9.38
hoi an v da nang,0,8,0%,9.38
michelin bib gourmand da nang,0,8,0%,9.38
worst time to visit da nang vietnam,0,8,0%,9.5
da nang popular with korean tourists official 2025,0,8,0%,9.62
best bars in da nang for singles,0,8,0%,9.75
is da nang cheaper than ho chi minh,0,8,0%,9.75
vincom plaza da nang bowling cinema arcade,0,8,0%,10
da nang airport grab pick up point,0,8,0%,10.12
best beachfront hotels da nang vietnam 2026,0,8,0%,10.25
danang rainy season 2026,0,8,0%,10.38
best luxury hotels in da nang 2026,0,8,0%,10.62
"""da nang rooftop"" ""craft beer""",0,8,0%,10.75
grocery stores near me within 0.5 mi,0,8,0%,10.75
phu quoc v da nang,0,8,0%,11
grocery near me,0,8,0%,11.38
is da nang in ho chi minh,0,8,0%,11.5
is it better to stay in hoi an or da nang,0,8,0%,12.25
da nang night life,0,8,0%,13.5
danang weather in march,0,8,0%,13.88
danang hotel recommendations,0,8,0%,16.38
da nang raining season,0,8,0%,18.62
nightlife in da nang,0,8,0%,18.62
danang airport to hoi an,0,8,0%,20.62
m hotel da nang reviews,0,8,0%,22.88
is it better to stay in hoi an or da nang?,0,8,0%,23
best place to stay in danang,0,8,0%,23.62
da nang best resort,0,8,0%,23.88
la an old town hotel,0,8,0%,24.75
brilliant hotel danang vietnam,0,8,0%,26.88
danang best hotel,0,8,0%,27
weather in da nang december,0,8,0%,27.25
phu quoc da nang,0,8,0%,28.88
luxury hotels da nang vietnam,0,8,0%,30.5
da nang weather in november,0,8,0%,31.75
da nang hotels luxury,0,8,0%,32.25
hyatt da nang,0,8,0%,32.5
best beach resort in da nang,0,8,0%,32.88
da nang to hoi an taxi cost,0,8,0%,34.5
hotels in da nang city,0,8,0%,35
best places to stay in danang,0,8,0%,37.38
da nang mikazuki japanese resorts & spa,0,8,0%,40.25
novotel danang hotel,0,8,0%,40.25
best deal transporation from da nang airport to hoi an,0,8,0%,40.38
hyatt regency danang resort,0,8,0%,41
furama danang,0,8,0%,42.38
danang novotel,0,8,0%,42.5
danang riverside accommodation,0,8,0%,43.62
intercontinental danang resort,0,8,0%,44.12
best hoi an resorts,0,8,0%,48.5
beach hotels da nang,0,8,0%,58.62
hoi an best hotels,0,8,0%,59.12
shopping da nang,0,8,0%,62
best hotel hoi an,0,8,0%,62.38
다낭 시내 근처 호텔,0,8,0%,68.5
da nang what to do,0,8,0%,70.25
things to do in da nang city,0,8,0%,76.75
what to do in danang city,0,8,0%,85
ho chi minh to da nang,0,7,0%,2
da nang to hoi an distance,0,7,0%,2.29
is ho chi minh worth visiting,0,7,0%,2.43
is phu quoc worth visiting,0,7,0%,2.71
is hoi an better than da nang,0,7,0%,2.86
are hoi an and da nang the same,0,7,0%,4.29
is danang and hoi an the same,0,7,0%,5
峴港,0,7,0%,5.14
is there grab in danang,0,7,0%,6.29
which is better hoi an or da nang,0,7,0%,6.29
da nang best restaurants 2026,0,7,0%,6.57
is hanoi cheaper than da nang,0,7,0%,6.86
is da nang or phu quoc better,0,7,0%,7.14
da nang russian tourists,0,7,0%,7.57
is da nang expensive for tourists,0,7,0%,7.57
cute bars near me,0,7,0%,7.71
an thuong da nang korean town,0,7,0%,8.43
danang airport grab pick up point,0,7,0%,8.71
hanoi or danang which is better,0,7,0%,9
"""marble mountains"" ""ba na hills"" ""30 km""",0,7,0%,10
da nang airport to hoi an private transfer price 2026,0,7,0%,10
hoi an to da nang grab fare 2026,0,7,0%,10.14
vincom plaza ngô quyền đà nẵng bowling,0,7,0%,10.14
grocery stores near me within 5 mi,0,7,0%,10.57
is danang in hanoi,0,7,0%,11.29
danang climate by month,0,7,0%,12.57
how to book hotels with ocean views in da nang?,0,7,0%,13.86
bar street da nang,0,7,0%,17
where to stay hoi an or danang,0,7,0%,17.43
jeftini hoteli downtown hội an,0,7,0%,22.57
weather in danang in march,0,7,0%,25.57
danang best resort,0,7,0%,27.57
weather in da nang in december,0,7,0%,29.86
luxury hotels da nang,0,7,0%,31.29
da nang places to stay,0,7,0%,32.71
da nang hotel 5 star,0,7,0%,33
best hotel in danang vietnam,0,7,0%,33.14
danang intercontinental hotel,0,7,0%,34.29
best hotels in danang,0,7,0%,35.29
da nang five star hotels,0,7,0%,35.86
naman retreat danang,0,7,0%,37
furama da nang,0,7,0%,39
taxi from da nang airport to hoi an,0,7,0%,41
furama resort da nang,0,7,0%,41.14
a la carte hotel da nang,0,7,0%,41.86
hoi an accommodation old town,0,7,0%,43.14
hoi an hotels in old town,0,7,0%,43.86
hotels in old town hoi an vietnam,0,7,0%,45
da nang airport to hoi an transfer danangairporttransfer.com,0,7,0%,46
bar da nang,0,7,0%,46.71
da nang markets,0,7,0%,47.57
best restaurant da nang,0,7,0%,47.86
hoi an old town accommodation,0,7,0%,48.29
marriott hotel da nang,0,7,0%,48.57
intercontinental danang sun peninsula,0,7,0%,50.14
how many days in da nang,0,7,0%,53.14
best restaurant in da nang,0,7,0%,54.86
beach hotel danang,0,7,0%,59.14
top 14 best cafes in da nang,0,7,0%,59.43
luxury hotels hoi an,0,7,0%,62.86
dry season in da nang,0,7,0%,66.86
best accommodation in hoi an,0,7,0%,67
best things to do in da nang,0,7,0%,76.86
speakeasy bar da nang,0,7,0%,78.57
things to do in danang,0,7,0%,85.14
boutique hotel tvrđa,0,7,0%,96.71
what hotels are available in da nang?,0,6,0%,1
"what are the best hotels in da nang, da nang municipality, vietnam?",0,6,0%,2.17
phu quoc island,0,6,0%,3
ja,0,6,0%,4.83
da nang & hoi an,0,6,0%,5.5
difference between hoi an and da nang,0,6,0%,6.17
is grab available in da nang,0,6,0%,6.33
da nang airport to hoi an transfer price 2026,0,6,0%,6.83
air conditioned bars near me,0,6,0%,7
da nang rooftop craft beer bar,0,6,0%,7.5
danang rainfall by month,0,6,0%,7.5
does da nang have grab,0,6,0%,7.67
ho chi minh and danang,0,6,0%,8
da nang nightlife 2026,0,6,0%,8.17
da nang airport to hoi an grab fare 2026,0,6,0%,8.33
best area to stay in hoi an for first timers,0,6,0%,8.83
danang or hanoi better,0,6,0%,8.83
hanoi vs danang vietnam,0,6,0%,8.83
michelin guide da nang,0,6,0%,9.17
vinpearl luxury danang,0,6,0%,9.17
da nang 5 star resort price per night usd 2026,0,6,0%,9.83
grocery store,0,6,0%,10
grocery stores near me within 1 mi,0,6,0%,10.5
is ho chi minh near da nang,0,6,0%,10.67
grab da nang airport to hoi an price 2025,0,6,0%,10.83
hidden bar da nang,0,6,0%,11
an thuong da nang expat area bars pool darts,0,6,0%,11.33
is it better to stay in danang or hoi an,0,6,0%,11.33
where to stay in hoi an for first timers,0,6,0%,12.17
is danang expensive,0,6,0%,14
danang brilliant hotel,0,6,0%,16.33
hanoi or danang,0,6,0%,17.5
hyatt da nang resort,0,6,0%,18.5
furama resort danang reviews,0,6,0%,18.83
danang average temperature by month,0,6,0%,20.17
best resorts da nang,0,6,0%,22.33
hyatt regency danang review,0,6,0%,23
da nang fine dining,0,6,0%,25.67
da nang vietnam nightlife,0,6,0%,25.67
hoi an and da nang,0,6,0%,26
da nang boutique hotels,0,6,0%,26.17
danang 5 star resorts,0,6,0%,26.17
best restaurants da nang,0,6,0%,28.17
best resort in danang vietnam,0,6,0%,29.67
an thuong,0,6,0%,32.17
luxury hotel danang,0,6,0%,32.17
wyndham soleil danang,0,6,0%,32.5
best places to stay in da nang,0,6,0%,33.17
hyatt danang,0,6,0%,34.33
where to stay da nang,0,6,0%,34.33
danang shopping mall,0,6,0%,34.67
climate da nang,0,6,0%,35.17
haian riverfront hotel da nang,0,6,0%,35.17
resort in da nang vietnam,0,6,0%,35.17
hotel da nang vietnam,0,6,0%,35.33
hoi an vietnam where to stay,0,6,0%,35.5
danang best hotels,0,6,0%,35.67
luxury hotel da nang vietnam,0,6,0%,36
hotels danang beach,0,6,0%,36.33
intercontinental da nang hotel,0,6,0%,37.33
weather in da nang in november,0,6,0%,37.83
is hoi an in danang,0,6,0%,39.33
da nang boutique hotel,0,6,0%,40.83
da nang accommodation beach,0,6,0%,41
boutique hotel danang,0,6,0%,41.33
danang boutique hotel,0,6,0%,41.83
an bang beach hotel,0,6,0%,42.33
cheap hotel in da nang,0,6,0%,42.33
cheap hotels in hoi an,0,6,0%,43.17
a la carte danang,0,6,0%,43.5
da nang night,0,6,0%,43.67
premier village danang resort,0,6,0%,43.67
intercontinental danang vietnam,0,6,0%,44.67
novotel danang premier,0,6,0%,44.67
hotel in danang beach,0,6,0%,44.83
best location to stay in hoi an,0,6,0%,45.17
best places to stay hoi an vietnam,0,6,0%,45.83
intercontinental danang sun peninsula resort review,0,6,0%,46
intercontinental vietnam da nang,0,6,0%,46
da nang coffee shop,0,6,0%,48.5
airport hoi an,0,6,0%,48.67
da nang attractions,0,6,0%,50.33
beach hotel da nang,0,6,0%,51.5
cheap hotels in danang vietnam,0,6,0%,51.83
luxury hotels in hoi an,0,6,0%,55.83
hotel da nang beach,0,6,0%,56
da nang to hoi an transport,0,6,0%,59
cost of living in da nang,0,6,0%,59.83
hoi an 5 star hotels,0,6,0%,62.17
danang sun peninsula resort,0,6,0%,64.33
top things to do in da nang,0,6,0%,77.17
things to see in da nang,0,6,0%,78.5
how far from da nang to nha trang,0,6,0%,94.83
danang or hoi an which is better,0,5,0%,1
ho chi minh how many days,0,5,0%,2.2
where can i find luxury hotels in da nang?,0,5,0%,2.6
is hoi an worth visiting,0,5,0%,3
hoi an or da nang which is better,0,5,0%,3.6
phu quoc vietnam,0,5,0%,3.6
is hoi an the same as da nang,0,5,0%,3.8
weather phu quoc,0,5,0%,3.8
dad to hoi an,0,5,0%,4.2
staying in da nang vs hoi an,0,5,0%,4.4
da nang rain by month,0,5,0%,4.6
ho chi minh city and da nang,0,5,0%,5.4
có,0,5,0%,5.6
which is better da nang or hoi an,0,5,0%,6.2
da nang strip,0,5,0%,6.6
ダナン,0,5,0%,6.6
best month to visit da nang vietnam 2026,0,5,0%,7
danang grab,0,5,0%,7.4
is da nang near ho chi minh,0,5,0%,7.8
what about da nang,0,5,0%,7.8
grab available in da nang official,0,5,0%,8
best hotels my khe beach da nang 2026,0,5,0%,8.2
"vincom plaza da nang ""game"" ""arcade""",0,5,0%,8.2
vincom plaza da nang opening hours,0,5,0%,8.2
best family hotels my khe beach da nang 2026,0,5,0%,8.4
danang and ho chi minh,0,5,0%,8.4
grab available in da nang vietnam official,0,5,0%,8.4
da nang tourism korean visitors official 2025,0,5,0%,8.8
hoi an & da nang,0,5,0%,8.8
da nang airport to hoi an taxi price 2026,0,5,0%,9
da nang food prices,0,5,0%,9
bar near me,0,5,0%,9.2
lotte mart da nang cinema bowling arcade,0,5,0%,9.2
cheap bars near me,0,5,0%,9.6
da nang to hoi an private transfer price 2026,0,5,0%,9.6
danang korean,0,5,0%,9.8
bars near me open,0,5,0%,10
grab da nang airport to hoi an,0,5,0%,10.2
grocery stores near me open,0,5,0%,10.2
da nang airport to hoi an grab price 2025,0,5,0%,10.6
da nang february sea temperature average,0,5,0%,10.8
"da nang, vietnam weather by month",0,5,0%,10.8
closest supermarket near me,0,5,0%,11.8
vincom plaza da nang directory,0,5,0%,11.8
da nang weather averages,0,5,0%,12.6
ha noi vs da nang,0,5,0%,13.4
best resorts in da nang vietnam 2026,0,5,0%,13.8
best place to stay in da nang for first timers,0,5,0%,14
da nang weather november,0,5,0%,14.4
da nang to hoi an grab,0,5,0%,16.4
rain season da nang,0,5,0%,17
most expensive hotel in da nang,0,5,0%,17.4
peninsula hotel danang reviews,0,5,0%,17.8
best bars danang,0,5,0%,19.2
restaurants da nang,0,5,0%,19.8
weather in da nang in february,0,5,0%,21.2
awaken danang hotel reviews,0,5,0%,23.2
da nang honeymoon resorts,0,5,0%,25.2
danang airport to hoi an taxi fare,0,5,0%,26.6
da nang time,0,5,0%,26.8
best rooftop bar da nang,0,5,0%,27.6
da nang vietnam hotel,0,5,0%,27.8
best area to stay hoi an,0,5,0%,28.2
da nang weather in october,0,5,0%,28.4
da nang beachfront hotels,0,5,0%,30.8
hvor skal man bo i hoi an,0,5,0%,32.2
wyndham soleil danang hotel,0,5,0%,32.2
da nang shopping malls,0,5,0%,32.6
best danang hotel,0,5,0%,33.4
danang hotel near beach,0,5,0%,34.2
danang vietnam weather in january,0,5,0%,34.8
best hotels da nang vietnam,0,5,0%,35.4
furama resort,0,5,0%,37.4
luxury da nang hotel,0,5,0%,37.4
my khe,0,5,0%,38
novotel danang han river,0,5,0%,39.4
5 star hotels in da nang vietnam,0,5,0%,39.6
da nang or nha trang,0,5,0%,40
beach hotels in danang,0,5,0%,40.2
danang or nha trang,0,5,0%,41
weather in da nang in january,0,5,0%,41.2
da nang hotels beach,0,5,0%,41.4
fusion suites da nang beach,0,5,0%,41.8
cheap hotels hoi an,0,5,0%,42.2
best hotel hoi an old town,0,5,0%,42.6
vinpearl danang,0,5,0%,42.6
beach hotels da nang vietnam,0,5,0%,43.8
bars da nang,0,5,0%,44.8
best beach hotel hoi an,0,5,0%,45.2
다낭 호텔 추천,0,5,0%,45.6
hotels in hoi an,0,5,0%,46.4
time da nang,0,5,0%,47.2
intercontinental hotel da nang vietnam,0,5,0%,47.4
danang hotel with private beach,0,5,0%,48
intercontinental danang resort vietnam,0,5,0%,48.4
da nang vietnam beach hotels,0,5,0%,49.6
intercontinental danang sun peninsula resort danang vietnam,0,5,0%,50.6
hoi an hotels luxury,0,5,0%,51
da nang how many days,0,5,0%,51.4
coffee shop in da nang,0,5,0%,52.6
다낭 숙소,0,5,0%,56.8
best coffee shop in da nang,0,5,0%,57.4
intercontinental da nang sun peninsula resort,0,5,0%,59.6
intercontinental danang sun peninsula resort in vietnam,0,5,0%,61.8
wellness retreat danang,0,5,0%,63.2
must do in da nang,0,5,0%,79.6
what to do in da nang city,0,5,0%,83.2
listening bar in da nang,0,5,0%,88.6
hoi an or danang better,0,4,0%,1
is da nang or hoi an better,0,4,0%,1
what amenities do da nang resort hotels include?,0,4,0%,1
パンドラ ダナン 店舗,0,4,0%,1
ho chi minh city to da nang distance,0,4,0%,2
phu quoc to ho chi minh distance,0,4,0%,2
weather in phu quoc,0,4,0%,2